,epoch,ii,loss
0,0,0,"tensor(0.6576, device='cuda:0', grad_fn=<NllLossBackward>)"
1,0,1,"tensor(660.5084, device='cuda:0', grad_fn=<NllLossBackward>)"
2,0,2,"tensor(126.2991, device='cuda:0', grad_fn=<NllLossBackward>)"
3,0,3,"tensor(1.7882, device='cuda:0', grad_fn=<NllLossBackward>)"
4,0,4,"tensor(13.1008, device='cuda:0', grad_fn=<NllLossBackward>)"
5,0,5,"tensor(5.1213, device='cuda:0', grad_fn=<NllLossBackward>)"
6,0,6,"tensor(7.8114, device='cuda:0', grad_fn=<NllLossBackward>)"
7,0,7,"tensor(5.7743, device='cuda:0', grad_fn=<NllLossBackward>)"
8,0,8,"tensor(1.5386, device='cuda:0', grad_fn=<NllLossBackward>)"
9,0,9,"tensor(3.1115, device='cuda:0', grad_fn=<NllLossBackward>)"
10,0,10,"tensor(1.3008, device='cuda:0', grad_fn=<NllLossBackward>)"
11,0,11,"tensor(1.8961, device='cuda:0', grad_fn=<NllLossBackward>)"
12,0,12,"tensor(3.5273, device='cuda:0', grad_fn=<NllLossBackward>)"
13,0,13,"tensor(1.9708, device='cuda:0', grad_fn=<NllLossBackward>)"
14,0,14,"tensor(1.3442, device='cuda:0', grad_fn=<NllLossBackward>)"
15,0,15,"tensor(2.4942, device='cuda:0', grad_fn=<NllLossBackward>)"
16,0,16,"tensor(1.3173, device='cuda:0', grad_fn=<NllLossBackward>)"
17,0,17,"tensor(0.8906, device='cuda:0', grad_fn=<NllLossBackward>)"
18,0,18,"tensor(0.8868, device='cuda:0', grad_fn=<NllLossBackward>)"
19,0,19,"tensor(0.7743, device='cuda:0', grad_fn=<NllLossBackward>)"
20,0,20,"tensor(0.6749, device='cuda:0', grad_fn=<NllLossBackward>)"
21,0,21,"tensor(0.6920, device='cuda:0', grad_fn=<NllLossBackward>)"
22,0,22,"tensor(0.7549, device='cuda:0', grad_fn=<NllLossBackward>)"
23,0,23,"tensor(0.7251, device='cuda:0', grad_fn=<NllLossBackward>)"
24,0,24,"tensor(0.7025, device='cuda:0', grad_fn=<NllLossBackward>)"
25,0,25,"tensor(1.0441, device='cuda:0', grad_fn=<NllLossBackward>)"
26,0,26,"tensor(0.9583, device='cuda:0', grad_fn=<NllLossBackward>)"
27,0,27,"tensor(0.7164, device='cuda:0', grad_fn=<NllLossBackward>)"
28,0,28,"tensor(0.7120, device='cuda:0', grad_fn=<NllLossBackward>)"
29,0,29,"tensor(0.7083, device='cuda:0', grad_fn=<NllLossBackward>)"
30,0,30,"tensor(0.8432, device='cuda:0', grad_fn=<NllLossBackward>)"
31,0,31,"tensor(1.0489, device='cuda:0', grad_fn=<NllLossBackward>)"
32,0,32,"tensor(0.8033, device='cuda:0', grad_fn=<NllLossBackward>)"
33,0,33,"tensor(0.9852, device='cuda:0', grad_fn=<NllLossBackward>)"
34,0,34,"tensor(0.6834, device='cuda:0', grad_fn=<NllLossBackward>)"
35,0,35,"tensor(1.0824, device='cuda:0', grad_fn=<NllLossBackward>)"
36,0,36,"tensor(0.6713, device='cuda:0', grad_fn=<NllLossBackward>)"
37,0,37,"tensor(1.2828, device='cuda:0', grad_fn=<NllLossBackward>)"
38,0,38,"tensor(0.6518, device='cuda:0', grad_fn=<NllLossBackward>)"
39,0,39,"tensor(0.7242, device='cuda:0', grad_fn=<NllLossBackward>)"
40,0,40,"tensor(1.0898, device='cuda:0', grad_fn=<NllLossBackward>)"
41,0,41,"tensor(0.5527, device='cuda:0', grad_fn=<NllLossBackward>)"
42,0,42,"tensor(0.9143, device='cuda:0', grad_fn=<NllLossBackward>)"
43,0,43,"tensor(0.6763, device='cuda:0', grad_fn=<NllLossBackward>)"
44,0,44,"tensor(1.0720, device='cuda:0', grad_fn=<NllLossBackward>)"
45,0,45,"tensor(0.5956, device='cuda:0', grad_fn=<NllLossBackward>)"
46,0,46,"tensor(0.7744, device='cuda:0', grad_fn=<NllLossBackward>)"
47,0,47,"tensor(0.8484, device='cuda:0', grad_fn=<NllLossBackward>)"
48,0,48,"tensor(0.5688, device='cuda:0', grad_fn=<NllLossBackward>)"
49,0,49,"tensor(0.7744, device='cuda:0', grad_fn=<NllLossBackward>)"
50,0,50,"tensor(0.5911, device='cuda:0', grad_fn=<NllLossBackward>)"
51,0,51,"tensor(0.8105, device='cuda:0', grad_fn=<NllLossBackward>)"
52,0,52,"tensor(0.5977, device='cuda:0', grad_fn=<NllLossBackward>)"
53,0,53,"tensor(0.6085, device='cuda:0', grad_fn=<NllLossBackward>)"
54,0,54,"tensor(0.5253, device='cuda:0', grad_fn=<NllLossBackward>)"
55,0,55,"tensor(0.6047, device='cuda:0', grad_fn=<NllLossBackward>)"
56,0,56,"tensor(0.6374, device='cuda:0', grad_fn=<NllLossBackward>)"
57,0,57,"tensor(0.7534, device='cuda:0', grad_fn=<NllLossBackward>)"
58,0,58,"tensor(0.7702, device='cuda:0', grad_fn=<NllLossBackward>)"
59,0,59,"tensor(0.7401, device='cuda:0', grad_fn=<NllLossBackward>)"
60,0,60,"tensor(0.5720, device='cuda:0', grad_fn=<NllLossBackward>)"
61,0,61,"tensor(0.6142, device='cuda:0', grad_fn=<NllLossBackward>)"
62,0,62,"tensor(0.5108, device='cuda:0', grad_fn=<NllLossBackward>)"
63,0,63,"tensor(0.6058, device='cuda:0', grad_fn=<NllLossBackward>)"
64,0,64,"tensor(0.7798, device='cuda:0', grad_fn=<NllLossBackward>)"
65,0,65,"tensor(0.5611, device='cuda:0', grad_fn=<NllLossBackward>)"
66,0,66,"tensor(0.8337, device='cuda:0', grad_fn=<NllLossBackward>)"
67,0,67,"tensor(0.5021, device='cuda:0', grad_fn=<NllLossBackward>)"
68,0,68,"tensor(0.8761, device='cuda:0', grad_fn=<NllLossBackward>)"
69,0,69,"tensor(0.6736, device='cuda:0', grad_fn=<NllLossBackward>)"
70,0,70,"tensor(0.5330, device='cuda:0', grad_fn=<NllLossBackward>)"
71,0,71,"tensor(0.8040, device='cuda:0', grad_fn=<NllLossBackward>)"
72,0,72,"tensor(0.5017, device='cuda:0', grad_fn=<NllLossBackward>)"
73,0,73,"tensor(0.6838, device='cuda:0', grad_fn=<NllLossBackward>)"
74,0,74,"tensor(0.5923, device='cuda:0', grad_fn=<NllLossBackward>)"
75,0,75,"tensor(0.6592, device='cuda:0', grad_fn=<NllLossBackward>)"
76,0,76,"tensor(0.6325, device='cuda:0', grad_fn=<NllLossBackward>)"
77,0,77,"tensor(0.7890, device='cuda:0', grad_fn=<NllLossBackward>)"
78,0,78,"tensor(0.4712, device='cuda:0', grad_fn=<NllLossBackward>)"
79,0,79,"tensor(0.7844, device='cuda:0', grad_fn=<NllLossBackward>)"
80,0,80,"tensor(0.5283, device='cuda:0', grad_fn=<NllLossBackward>)"
81,0,81,"tensor(0.5387, device='cuda:0', grad_fn=<NllLossBackward>)"
82,0,82,"tensor(0.6330, device='cuda:0', grad_fn=<NllLossBackward>)"
83,0,83,"tensor(0.4951, device='cuda:0', grad_fn=<NllLossBackward>)"
84,0,84,"tensor(0.5926, device='cuda:0', grad_fn=<NllLossBackward>)"
85,0,85,"tensor(0.5455, device='cuda:0', grad_fn=<NllLossBackward>)"
86,0,86,"tensor(0.4908, device='cuda:0', grad_fn=<NllLossBackward>)"
87,0,87,"tensor(0.5806, device='cuda:0', grad_fn=<NllLossBackward>)"
88,0,88,"tensor(0.5896, device='cuda:0', grad_fn=<NllLossBackward>)"
89,0,89,"tensor(0.6552, device='cuda:0', grad_fn=<NllLossBackward>)"
90,0,90,"tensor(0.4727, device='cuda:0', grad_fn=<NllLossBackward>)"
91,0,91,"tensor(0.5290, device='cuda:0', grad_fn=<NllLossBackward>)"
92,0,92,"tensor(0.5034, device='cuda:0', grad_fn=<NllLossBackward>)"
93,0,93,"tensor(0.5285, device='cuda:0', grad_fn=<NllLossBackward>)"
94,0,94,"tensor(0.6409, device='cuda:0', grad_fn=<NllLossBackward>)"
95,0,95,"tensor(0.5493, device='cuda:0', grad_fn=<NllLossBackward>)"
96,0,96,"tensor(0.5978, device='cuda:0', grad_fn=<NllLossBackward>)"
97,0,97,"tensor(0.4441, device='cuda:0', grad_fn=<NllLossBackward>)"
98,0,98,"tensor(0.5891, device='cuda:0', grad_fn=<NllLossBackward>)"
99,0,99,"tensor(0.5340, device='cuda:0', grad_fn=<NllLossBackward>)"
100,0,100,"tensor(0.6158, device='cuda:0', grad_fn=<NllLossBackward>)"
101,0,101,"tensor(0.5370, device='cuda:0', grad_fn=<NllLossBackward>)"
102,0,102,"tensor(0.6502, device='cuda:0', grad_fn=<NllLossBackward>)"
103,0,103,"tensor(0.5213, device='cuda:0', grad_fn=<NllLossBackward>)"
104,0,104,"tensor(0.5436, device='cuda:0', grad_fn=<NllLossBackward>)"
105,0,105,"tensor(0.5519, device='cuda:0', grad_fn=<NllLossBackward>)"
106,0,106,"tensor(0.4757, device='cuda:0', grad_fn=<NllLossBackward>)"
107,0,107,"tensor(0.5127, device='cuda:0', grad_fn=<NllLossBackward>)"
108,0,108,"tensor(0.4508, device='cuda:0', grad_fn=<NllLossBackward>)"
109,0,109,"tensor(0.5552, device='cuda:0', grad_fn=<NllLossBackward>)"
110,0,110,"tensor(0.4813, device='cuda:0', grad_fn=<NllLossBackward>)"
111,0,111,"tensor(0.4502, device='cuda:0', grad_fn=<NllLossBackward>)"
112,0,112,"tensor(0.5363, device='cuda:0', grad_fn=<NllLossBackward>)"
113,0,113,"tensor(0.4882, device='cuda:0', grad_fn=<NllLossBackward>)"
114,0,114,"tensor(0.4698, device='cuda:0', grad_fn=<NllLossBackward>)"
115,0,115,"tensor(0.4683, device='cuda:0', grad_fn=<NllLossBackward>)"
116,0,116,"tensor(0.4895, device='cuda:0', grad_fn=<NllLossBackward>)"
117,0,117,"tensor(0.5121, device='cuda:0', grad_fn=<NllLossBackward>)"
118,0,118,"tensor(0.4664, device='cuda:0', grad_fn=<NllLossBackward>)"
119,0,119,"tensor(0.5451, device='cuda:0', grad_fn=<NllLossBackward>)"
120,0,120,"tensor(0.5073, device='cuda:0', grad_fn=<NllLossBackward>)"
121,0,121,"tensor(0.4680, device='cuda:0', grad_fn=<NllLossBackward>)"
122,0,122,"tensor(0.4449, device='cuda:0', grad_fn=<NllLossBackward>)"
123,0,123,"tensor(0.6651, device='cuda:0', grad_fn=<NllLossBackward>)"
124,0,124,"tensor(0.5782, device='cuda:0', grad_fn=<NllLossBackward>)"
125,0,125,"tensor(0.4902, device='cuda:0', grad_fn=<NllLossBackward>)"
126,0,126,"tensor(0.5599, device='cuda:0', grad_fn=<NllLossBackward>)"
127,0,127,"tensor(0.6469, device='cuda:0', grad_fn=<NllLossBackward>)"
128,0,128,"tensor(0.5702, device='cuda:0', grad_fn=<NllLossBackward>)"
129,0,129,"tensor(0.6051, device='cuda:0', grad_fn=<NllLossBackward>)"
130,0,130,"tensor(1.0383, device='cuda:0', grad_fn=<NllLossBackward>)"
131,0,131,"tensor(0.7028, device='cuda:0', grad_fn=<NllLossBackward>)"
132,0,132,"tensor(0.4558, device='cuda:0', grad_fn=<NllLossBackward>)"
133,0,133,"tensor(0.6803, device='cuda:0', grad_fn=<NllLossBackward>)"
134,0,134,"tensor(0.5127, device='cuda:0', grad_fn=<NllLossBackward>)"
135,0,135,"tensor(0.5281, device='cuda:0', grad_fn=<NllLossBackward>)"
136,0,136,"tensor(0.5665, device='cuda:0', grad_fn=<NllLossBackward>)"
137,0,137,"tensor(0.4417, device='cuda:0', grad_fn=<NllLossBackward>)"
138,0,138,"tensor(0.5469, device='cuda:0', grad_fn=<NllLossBackward>)"
139,0,139,"tensor(0.5441, device='cuda:0', grad_fn=<NllLossBackward>)"
140,0,140,"tensor(0.6180, device='cuda:0', grad_fn=<NllLossBackward>)"
141,0,141,"tensor(0.5633, device='cuda:0', grad_fn=<NllLossBackward>)"
142,0,142,"tensor(0.5485, device='cuda:0', grad_fn=<NllLossBackward>)"
143,0,143,"tensor(0.5356, device='cuda:0', grad_fn=<NllLossBackward>)"
144,0,144,"tensor(0.5255, device='cuda:0', grad_fn=<NllLossBackward>)"
145,0,145,"tensor(0.4969, device='cuda:0', grad_fn=<NllLossBackward>)"
146,0,146,"tensor(0.5303, device='cuda:0', grad_fn=<NllLossBackward>)"
147,0,147,"tensor(0.5778, device='cuda:0', grad_fn=<NllLossBackward>)"
148,0,148,"tensor(0.5135, device='cuda:0', grad_fn=<NllLossBackward>)"
149,0,149,"tensor(0.4868, device='cuda:0', grad_fn=<NllLossBackward>)"
150,0,150,"tensor(0.5188, device='cuda:0', grad_fn=<NllLossBackward>)"
151,0,151,"tensor(0.6353, device='cuda:0', grad_fn=<NllLossBackward>)"
152,0,152,"tensor(0.4653, device='cuda:0', grad_fn=<NllLossBackward>)"
153,0,153,"tensor(0.5875, device='cuda:0', grad_fn=<NllLossBackward>)"
154,0,154,"tensor(0.5056, device='cuda:0', grad_fn=<NllLossBackward>)"
155,0,155,"tensor(0.5283, device='cuda:0', grad_fn=<NllLossBackward>)"
156,0,156,"tensor(0.5263, device='cuda:0', grad_fn=<NllLossBackward>)"
157,0,157,"tensor(0.4143, device='cuda:0', grad_fn=<NllLossBackward>)"
158,0,158,"tensor(0.4204, device='cuda:0', grad_fn=<NllLossBackward>)"
159,0,159,"tensor(0.4661, device='cuda:0', grad_fn=<NllLossBackward>)"
160,0,160,"tensor(0.4855, device='cuda:0', grad_fn=<NllLossBackward>)"
161,0,161,"tensor(0.4825, device='cuda:0', grad_fn=<NllLossBackward>)"
162,0,162,"tensor(0.4232, device='cuda:0', grad_fn=<NllLossBackward>)"
163,0,163,"tensor(0.5162, device='cuda:0', grad_fn=<NllLossBackward>)"
164,0,164,"tensor(0.5259, device='cuda:0', grad_fn=<NllLossBackward>)"
165,0,165,"tensor(0.5007, device='cuda:0', grad_fn=<NllLossBackward>)"
166,0,166,"tensor(0.4548, device='cuda:0', grad_fn=<NllLossBackward>)"
167,0,167,"tensor(0.4840, device='cuda:0', grad_fn=<NllLossBackward>)"
168,0,168,"tensor(0.4830, device='cuda:0', grad_fn=<NllLossBackward>)"
169,0,169,"tensor(0.4997, device='cuda:0', grad_fn=<NllLossBackward>)"
170,0,170,"tensor(0.5710, device='cuda:0', grad_fn=<NllLossBackward>)"
171,0,171,"tensor(0.4998, device='cuda:0', grad_fn=<NllLossBackward>)"
172,0,172,"tensor(0.5931, device='cuda:0', grad_fn=<NllLossBackward>)"
173,0,173,"tensor(0.4521, device='cuda:0', grad_fn=<NllLossBackward>)"
174,0,174,"tensor(0.5860, device='cuda:0', grad_fn=<NllLossBackward>)"
175,0,175,"tensor(0.5095, device='cuda:0', grad_fn=<NllLossBackward>)"
176,0,176,"tensor(0.6828, device='cuda:0', grad_fn=<NllLossBackward>)"
177,0,177,"tensor(0.4723, device='cuda:0', grad_fn=<NllLossBackward>)"
178,0,178,"tensor(0.6643, device='cuda:0', grad_fn=<NllLossBackward>)"
179,0,179,"tensor(0.5999, device='cuda:0', grad_fn=<NllLossBackward>)"
180,0,180,"tensor(0.4252, device='cuda:0', grad_fn=<NllLossBackward>)"
181,0,181,"tensor(0.4905, device='cuda:0', grad_fn=<NllLossBackward>)"
182,0,182,"tensor(0.4887, device='cuda:0', grad_fn=<NllLossBackward>)"
183,0,183,"tensor(0.4477, device='cuda:0', grad_fn=<NllLossBackward>)"
184,0,184,"tensor(0.5104, device='cuda:0', grad_fn=<NllLossBackward>)"
185,0,185,"tensor(0.4393, device='cuda:0', grad_fn=<NllLossBackward>)"
186,0,186,"tensor(0.4669, device='cuda:0', grad_fn=<NllLossBackward>)"
187,0,187,"tensor(0.4503, device='cuda:0', grad_fn=<NllLossBackward>)"
188,0,188,"tensor(0.5263, device='cuda:0', grad_fn=<NllLossBackward>)"
189,0,189,"tensor(0.5113, device='cuda:0', grad_fn=<NllLossBackward>)"
190,0,190,"tensor(0.4443, device='cuda:0', grad_fn=<NllLossBackward>)"
191,0,191,"tensor(0.5589, device='cuda:0', grad_fn=<NllLossBackward>)"
192,0,192,"tensor(0.4297, device='cuda:0', grad_fn=<NllLossBackward>)"
193,0,193,"tensor(0.5656, device='cuda:0', grad_fn=<NllLossBackward>)"
194,0,194,"tensor(0.5369, device='cuda:0', grad_fn=<NllLossBackward>)"
195,0,195,"tensor(0.5122, device='cuda:0', grad_fn=<NllLossBackward>)"
196,0,196,"tensor(0.5330, device='cuda:0', grad_fn=<NllLossBackward>)"
197,0,197,"tensor(0.5971, device='cuda:0', grad_fn=<NllLossBackward>)"
198,0,198,"tensor(0.5381, device='cuda:0', grad_fn=<NllLossBackward>)"
199,0,199,"tensor(0.4844, device='cuda:0', grad_fn=<NllLossBackward>)"
200,0,200,"tensor(0.4246, device='cuda:0', grad_fn=<NllLossBackward>)"
201,0,201,"tensor(0.4535, device='cuda:0', grad_fn=<NllLossBackward>)"
202,0,202,"tensor(0.5042, device='cuda:0', grad_fn=<NllLossBackward>)"
203,0,203,"tensor(0.4053, device='cuda:0', grad_fn=<NllLossBackward>)"
204,0,204,"tensor(0.4991, device='cuda:0', grad_fn=<NllLossBackward>)"
205,0,205,"tensor(0.4291, device='cuda:0', grad_fn=<NllLossBackward>)"
206,0,206,"tensor(0.4554, device='cuda:0', grad_fn=<NllLossBackward>)"
207,0,207,"tensor(0.3982, device='cuda:0', grad_fn=<NllLossBackward>)"
208,0,208,"tensor(0.3868, device='cuda:0', grad_fn=<NllLossBackward>)"
209,0,209,"tensor(0.7948, device='cuda:0', grad_fn=<NllLossBackward>)"
210,0,210,"tensor(0.4717, device='cuda:0', grad_fn=<NllLossBackward>)"
211,0,211,"tensor(0.6480, device='cuda:0', grad_fn=<NllLossBackward>)"
212,0,212,"tensor(0.4674, device='cuda:0', grad_fn=<NllLossBackward>)"
213,0,213,"tensor(0.5078, device='cuda:0', grad_fn=<NllLossBackward>)"
214,0,214,"tensor(0.6259, device='cuda:0', grad_fn=<NllLossBackward>)"
215,0,215,"tensor(0.5311, device='cuda:0', grad_fn=<NllLossBackward>)"
216,0,216,"tensor(0.6143, device='cuda:0', grad_fn=<NllLossBackward>)"
217,0,217,"tensor(0.4707, device='cuda:0', grad_fn=<NllLossBackward>)"
218,0,218,"tensor(0.5627, device='cuda:0', grad_fn=<NllLossBackward>)"
219,0,219,"tensor(0.6269, device='cuda:0', grad_fn=<NllLossBackward>)"
220,0,220,"tensor(0.3571, device='cuda:0', grad_fn=<NllLossBackward>)"
221,0,221,"tensor(0.5888, device='cuda:0', grad_fn=<NllLossBackward>)"
222,0,222,"tensor(0.4924, device='cuda:0', grad_fn=<NllLossBackward>)"
223,0,223,"tensor(0.3829, device='cuda:0', grad_fn=<NllLossBackward>)"
224,0,224,"tensor(0.4346, device='cuda:0', grad_fn=<NllLossBackward>)"
225,0,225,"tensor(0.4770, device='cuda:0', grad_fn=<NllLossBackward>)"
226,0,226,"tensor(0.4680, device='cuda:0', grad_fn=<NllLossBackward>)"
227,0,227,"tensor(0.4303, device='cuda:0', grad_fn=<NllLossBackward>)"
228,0,228,"tensor(0.4634, device='cuda:0', grad_fn=<NllLossBackward>)"
229,0,229,"tensor(0.5086, device='cuda:0', grad_fn=<NllLossBackward>)"
230,0,230,"tensor(0.4132, device='cuda:0', grad_fn=<NllLossBackward>)"
231,0,231,"tensor(0.4136, device='cuda:0', grad_fn=<NllLossBackward>)"
232,0,232,"tensor(0.4899, device='cuda:0', grad_fn=<NllLossBackward>)"
233,0,233,"tensor(0.3818, device='cuda:0', grad_fn=<NllLossBackward>)"
234,0,234,"tensor(0.4669, device='cuda:0', grad_fn=<NllLossBackward>)"
235,0,235,"tensor(0.3590, device='cuda:0', grad_fn=<NllLossBackward>)"
236,0,236,"tensor(0.4298, device='cuda:0', grad_fn=<NllLossBackward>)"
237,0,237,"tensor(0.4228, device='cuda:0', grad_fn=<NllLossBackward>)"
238,0,238,"tensor(0.4363, device='cuda:0', grad_fn=<NllLossBackward>)"
239,0,239,"tensor(0.4833, device='cuda:0', grad_fn=<NllLossBackward>)"
240,0,240,"tensor(0.4381, device='cuda:0', grad_fn=<NllLossBackward>)"
241,0,241,"tensor(0.4350, device='cuda:0', grad_fn=<NllLossBackward>)"
242,0,242,"tensor(0.4037, device='cuda:0', grad_fn=<NllLossBackward>)"
243,0,243,"tensor(0.5098, device='cuda:0', grad_fn=<NllLossBackward>)"
244,0,244,"tensor(0.4388, device='cuda:0', grad_fn=<NllLossBackward>)"
245,0,245,"tensor(0.5112, device='cuda:0', grad_fn=<NllLossBackward>)"
246,0,246,"tensor(0.4348, device='cuda:0', grad_fn=<NllLossBackward>)"
247,0,247,"tensor(0.8542, device='cuda:0', grad_fn=<NllLossBackward>)"
248,1,0,"tensor(0.8730, device='cuda:0', grad_fn=<NllLossBackward>)"
249,1,1,"tensor(0.9268, device='cuda:0', grad_fn=<NllLossBackward>)"
250,1,2,"tensor(0.9180, device='cuda:0', grad_fn=<NllLossBackward>)"
251,1,3,"tensor(0.7880, device='cuda:0', grad_fn=<NllLossBackward>)"
252,1,4,"tensor(0.6527, device='cuda:0', grad_fn=<NllLossBackward>)"
253,1,5,"tensor(0.5755, device='cuda:0', grad_fn=<NllLossBackward>)"
254,1,6,"tensor(0.6933, device='cuda:0', grad_fn=<NllLossBackward>)"
255,1,7,"tensor(0.6706, device='cuda:0', grad_fn=<NllLossBackward>)"
256,1,8,"tensor(0.6543, device='cuda:0', grad_fn=<NllLossBackward>)"
257,1,9,"tensor(0.6792, device='cuda:0', grad_fn=<NllLossBackward>)"
258,1,10,"tensor(0.6536, device='cuda:0', grad_fn=<NllLossBackward>)"
259,1,11,"tensor(0.6837, device='cuda:0', grad_fn=<NllLossBackward>)"
260,1,12,"tensor(0.6983, device='cuda:0', grad_fn=<NllLossBackward>)"
261,1,13,"tensor(0.6077, device='cuda:0', grad_fn=<NllLossBackward>)"
262,1,14,"tensor(0.6418, device='cuda:0', grad_fn=<NllLossBackward>)"
263,1,15,"tensor(0.5579, device='cuda:0', grad_fn=<NllLossBackward>)"
264,1,16,"tensor(0.5895, device='cuda:0', grad_fn=<NllLossBackward>)"
265,1,17,"tensor(0.6014, device='cuda:0', grad_fn=<NllLossBackward>)"
266,1,18,"tensor(0.6097, device='cuda:0', grad_fn=<NllLossBackward>)"
267,1,19,"tensor(0.5569, device='cuda:0', grad_fn=<NllLossBackward>)"
268,1,20,"tensor(0.5481, device='cuda:0', grad_fn=<NllLossBackward>)"
269,1,21,"tensor(0.4742, device='cuda:0', grad_fn=<NllLossBackward>)"
270,1,22,"tensor(0.6305, device='cuda:0', grad_fn=<NllLossBackward>)"
271,1,23,"tensor(0.6239, device='cuda:0', grad_fn=<NllLossBackward>)"
272,1,24,"tensor(0.6791, device='cuda:0', grad_fn=<NllLossBackward>)"
273,1,25,"tensor(0.5532, device='cuda:0', grad_fn=<NllLossBackward>)"
274,1,26,"tensor(0.4955, device='cuda:0', grad_fn=<NllLossBackward>)"
275,1,27,"tensor(0.4920, device='cuda:0', grad_fn=<NllLossBackward>)"
276,1,28,"tensor(0.5175, device='cuda:0', grad_fn=<NllLossBackward>)"
277,1,29,"tensor(0.5038, device='cuda:0', grad_fn=<NllLossBackward>)"
278,1,30,"tensor(0.6280, device='cuda:0', grad_fn=<NllLossBackward>)"
279,1,31,"tensor(0.5310, device='cuda:0', grad_fn=<NllLossBackward>)"
280,1,32,"tensor(0.5250, device='cuda:0', grad_fn=<NllLossBackward>)"
281,1,33,"tensor(0.5398, device='cuda:0', grad_fn=<NllLossBackward>)"
282,1,34,"tensor(0.5392, device='cuda:0', grad_fn=<NllLossBackward>)"
283,1,35,"tensor(0.6214, device='cuda:0', grad_fn=<NllLossBackward>)"
284,1,36,"tensor(0.5209, device='cuda:0', grad_fn=<NllLossBackward>)"
285,1,37,"tensor(0.6363, device='cuda:0', grad_fn=<NllLossBackward>)"
286,1,38,"tensor(0.5658, device='cuda:0', grad_fn=<NllLossBackward>)"
287,1,39,"tensor(0.5005, device='cuda:0', grad_fn=<NllLossBackward>)"
288,1,40,"tensor(0.5813, device='cuda:0', grad_fn=<NllLossBackward>)"
289,1,41,"tensor(0.5605, device='cuda:0', grad_fn=<NllLossBackward>)"
290,1,42,"tensor(0.5363, device='cuda:0', grad_fn=<NllLossBackward>)"
291,1,43,"tensor(0.5788, device='cuda:0', grad_fn=<NllLossBackward>)"
292,1,44,"tensor(0.4920, device='cuda:0', grad_fn=<NllLossBackward>)"
293,1,45,"tensor(0.5210, device='cuda:0', grad_fn=<NllLossBackward>)"
294,1,46,"tensor(0.4750, device='cuda:0', grad_fn=<NllLossBackward>)"
295,1,47,"tensor(0.4964, device='cuda:0', grad_fn=<NllLossBackward>)"
296,1,48,"tensor(0.4538, device='cuda:0', grad_fn=<NllLossBackward>)"
297,1,49,"tensor(0.4915, device='cuda:0', grad_fn=<NllLossBackward>)"
298,1,50,"tensor(0.4963, device='cuda:0', grad_fn=<NllLossBackward>)"
299,1,51,"tensor(0.5422, device='cuda:0', grad_fn=<NllLossBackward>)"
300,1,52,"tensor(0.5405, device='cuda:0', grad_fn=<NllLossBackward>)"
301,1,53,"tensor(0.4091, device='cuda:0', grad_fn=<NllLossBackward>)"
302,1,54,"tensor(0.5277, device='cuda:0', grad_fn=<NllLossBackward>)"
303,1,55,"tensor(0.4903, device='cuda:0', grad_fn=<NllLossBackward>)"
304,1,56,"tensor(0.5429, device='cuda:0', grad_fn=<NllLossBackward>)"
305,1,57,"tensor(0.4629, device='cuda:0', grad_fn=<NllLossBackward>)"
306,1,58,"tensor(0.5176, device='cuda:0', grad_fn=<NllLossBackward>)"
307,1,59,"tensor(0.4545, device='cuda:0', grad_fn=<NllLossBackward>)"
308,1,60,"tensor(0.4542, device='cuda:0', grad_fn=<NllLossBackward>)"
309,1,61,"tensor(0.4444, device='cuda:0', grad_fn=<NllLossBackward>)"
310,1,62,"tensor(0.4400, device='cuda:0', grad_fn=<NllLossBackward>)"
311,1,63,"tensor(0.4705, device='cuda:0', grad_fn=<NllLossBackward>)"
312,1,64,"tensor(0.4164, device='cuda:0', grad_fn=<NllLossBackward>)"
313,1,65,"tensor(0.4605, device='cuda:0', grad_fn=<NllLossBackward>)"
314,1,66,"tensor(0.4508, device='cuda:0', grad_fn=<NllLossBackward>)"
315,1,67,"tensor(0.4737, device='cuda:0', grad_fn=<NllLossBackward>)"
316,1,68,"tensor(0.3816, device='cuda:0', grad_fn=<NllLossBackward>)"
317,1,69,"tensor(0.5075, device='cuda:0', grad_fn=<NllLossBackward>)"
318,1,70,"tensor(0.4444, device='cuda:0', grad_fn=<NllLossBackward>)"
319,1,71,"tensor(0.4185, device='cuda:0', grad_fn=<NllLossBackward>)"
320,1,72,"tensor(0.4039, device='cuda:0', grad_fn=<NllLossBackward>)"
321,1,73,"tensor(0.3677, device='cuda:0', grad_fn=<NllLossBackward>)"
322,1,74,"tensor(0.4469, device='cuda:0', grad_fn=<NllLossBackward>)"
323,1,75,"tensor(0.3686, device='cuda:0', grad_fn=<NllLossBackward>)"
324,1,76,"tensor(0.4134, device='cuda:0', grad_fn=<NllLossBackward>)"
325,1,77,"tensor(0.3714, device='cuda:0', grad_fn=<NllLossBackward>)"
326,1,78,"tensor(0.3410, device='cuda:0', grad_fn=<NllLossBackward>)"
327,1,79,"tensor(0.2688, device='cuda:0', grad_fn=<NllLossBackward>)"
328,1,80,"tensor(0.3088, device='cuda:0', grad_fn=<NllLossBackward>)"
329,1,81,"tensor(0.3826, device='cuda:0', grad_fn=<NllLossBackward>)"
330,1,82,"tensor(0.3272, device='cuda:0', grad_fn=<NllLossBackward>)"
331,1,83,"tensor(0.4256, device='cuda:0', grad_fn=<NllLossBackward>)"
332,1,84,"tensor(0.4252, device='cuda:0', grad_fn=<NllLossBackward>)"
333,1,85,"tensor(0.4624, device='cuda:0', grad_fn=<NllLossBackward>)"
334,1,86,"tensor(0.4809, device='cuda:0', grad_fn=<NllLossBackward>)"
335,1,87,"tensor(0.3433, device='cuda:0', grad_fn=<NllLossBackward>)"
336,1,88,"tensor(0.3602, device='cuda:0', grad_fn=<NllLossBackward>)"
337,1,89,"tensor(0.3559, device='cuda:0', grad_fn=<NllLossBackward>)"
338,1,90,"tensor(0.3266, device='cuda:0', grad_fn=<NllLossBackward>)"
339,1,91,"tensor(0.3988, device='cuda:0', grad_fn=<NllLossBackward>)"
340,1,92,"tensor(0.5063, device='cuda:0', grad_fn=<NllLossBackward>)"
341,1,93,"tensor(0.3996, device='cuda:0', grad_fn=<NllLossBackward>)"
342,1,94,"tensor(0.4106, device='cuda:0', grad_fn=<NllLossBackward>)"
343,1,95,"tensor(0.3421, device='cuda:0', grad_fn=<NllLossBackward>)"
344,1,96,"tensor(0.4319, device='cuda:0', grad_fn=<NllLossBackward>)"
345,1,97,"tensor(0.4078, device='cuda:0', grad_fn=<NllLossBackward>)"
346,1,98,"tensor(0.4100, device='cuda:0', grad_fn=<NllLossBackward>)"
347,1,99,"tensor(0.2639, device='cuda:0', grad_fn=<NllLossBackward>)"
348,1,100,"tensor(0.3716, device='cuda:0', grad_fn=<NllLossBackward>)"
349,1,101,"tensor(0.3351, device='cuda:0', grad_fn=<NllLossBackward>)"
350,1,102,"tensor(0.3347, device='cuda:0', grad_fn=<NllLossBackward>)"
351,1,103,"tensor(0.2984, device='cuda:0', grad_fn=<NllLossBackward>)"
352,1,104,"tensor(0.2738, device='cuda:0', grad_fn=<NllLossBackward>)"
353,1,105,"tensor(0.3039, device='cuda:0', grad_fn=<NllLossBackward>)"
354,1,106,"tensor(0.3070, device='cuda:0', grad_fn=<NllLossBackward>)"
355,1,107,"tensor(0.3276, device='cuda:0', grad_fn=<NllLossBackward>)"
356,1,108,"tensor(0.3883, device='cuda:0', grad_fn=<NllLossBackward>)"
357,1,109,"tensor(0.2980, device='cuda:0', grad_fn=<NllLossBackward>)"
358,1,110,"tensor(0.2279, device='cuda:0', grad_fn=<NllLossBackward>)"
359,1,111,"tensor(0.3299, device='cuda:0', grad_fn=<NllLossBackward>)"
360,1,112,"tensor(0.3194, device='cuda:0', grad_fn=<NllLossBackward>)"
361,1,113,"tensor(0.3092, device='cuda:0', grad_fn=<NllLossBackward>)"
362,1,114,"tensor(0.3521, device='cuda:0', grad_fn=<NllLossBackward>)"
363,1,115,"tensor(0.2670, device='cuda:0', grad_fn=<NllLossBackward>)"
364,1,116,"tensor(0.2591, device='cuda:0', grad_fn=<NllLossBackward>)"
365,1,117,"tensor(0.3150, device='cuda:0', grad_fn=<NllLossBackward>)"
366,1,118,"tensor(0.2498, device='cuda:0', grad_fn=<NllLossBackward>)"
367,1,119,"tensor(0.3307, device='cuda:0', grad_fn=<NllLossBackward>)"
368,1,120,"tensor(0.4000, device='cuda:0', grad_fn=<NllLossBackward>)"
369,1,121,"tensor(0.3868, device='cuda:0', grad_fn=<NllLossBackward>)"
370,1,122,"tensor(0.3102, device='cuda:0', grad_fn=<NllLossBackward>)"
371,1,123,"tensor(0.2521, device='cuda:0', grad_fn=<NllLossBackward>)"
372,1,124,"tensor(0.3029, device='cuda:0', grad_fn=<NllLossBackward>)"
373,1,125,"tensor(0.2991, device='cuda:0', grad_fn=<NllLossBackward>)"
374,1,126,"tensor(0.2985, device='cuda:0', grad_fn=<NllLossBackward>)"
375,1,127,"tensor(0.3115, device='cuda:0', grad_fn=<NllLossBackward>)"
376,1,128,"tensor(0.3629, device='cuda:0', grad_fn=<NllLossBackward>)"
377,1,129,"tensor(0.3010, device='cuda:0', grad_fn=<NllLossBackward>)"
378,1,130,"tensor(0.3523, device='cuda:0', grad_fn=<NllLossBackward>)"
379,1,131,"tensor(0.4810, device='cuda:0', grad_fn=<NllLossBackward>)"
380,1,132,"tensor(0.2517, device='cuda:0', grad_fn=<NllLossBackward>)"
381,1,133,"tensor(0.2587, device='cuda:0', grad_fn=<NllLossBackward>)"
382,1,134,"tensor(0.2752, device='cuda:0', grad_fn=<NllLossBackward>)"
383,1,135,"tensor(0.2749, device='cuda:0', grad_fn=<NllLossBackward>)"
384,1,136,"tensor(0.3471, device='cuda:0', grad_fn=<NllLossBackward>)"
385,1,137,"tensor(0.2304, device='cuda:0', grad_fn=<NllLossBackward>)"
386,1,138,"tensor(0.3166, device='cuda:0', grad_fn=<NllLossBackward>)"
387,1,139,"tensor(0.1884, device='cuda:0', grad_fn=<NllLossBackward>)"
388,1,140,"tensor(0.2345, device='cuda:0', grad_fn=<NllLossBackward>)"
389,1,141,"tensor(0.2409, device='cuda:0', grad_fn=<NllLossBackward>)"
390,1,142,"tensor(0.2542, device='cuda:0', grad_fn=<NllLossBackward>)"
391,1,143,"tensor(0.2845, device='cuda:0', grad_fn=<NllLossBackward>)"
392,1,144,"tensor(0.2470, device='cuda:0', grad_fn=<NllLossBackward>)"
393,1,145,"tensor(0.2468, device='cuda:0', grad_fn=<NllLossBackward>)"
394,1,146,"tensor(0.2921, device='cuda:0', grad_fn=<NllLossBackward>)"
395,1,147,"tensor(0.2763, device='cuda:0', grad_fn=<NllLossBackward>)"
396,1,148,"tensor(0.2645, device='cuda:0', grad_fn=<NllLossBackward>)"
397,1,149,"tensor(0.2412, device='cuda:0', grad_fn=<NllLossBackward>)"
398,1,150,"tensor(0.1690, device='cuda:0', grad_fn=<NllLossBackward>)"
399,1,151,"tensor(0.1925, device='cuda:0', grad_fn=<NllLossBackward>)"
400,1,152,"tensor(0.3212, device='cuda:0', grad_fn=<NllLossBackward>)"
401,1,153,"tensor(0.2789, device='cuda:0', grad_fn=<NllLossBackward>)"
402,1,154,"tensor(0.1908, device='cuda:0', grad_fn=<NllLossBackward>)"
403,1,155,"tensor(0.2790, device='cuda:0', grad_fn=<NllLossBackward>)"
404,1,156,"tensor(0.2599, device='cuda:0', grad_fn=<NllLossBackward>)"
405,1,157,"tensor(0.2212, device='cuda:0', grad_fn=<NllLossBackward>)"
406,1,158,"tensor(0.2658, device='cuda:0', grad_fn=<NllLossBackward>)"
407,1,159,"tensor(0.1829, device='cuda:0', grad_fn=<NllLossBackward>)"
408,1,160,"tensor(0.2252, device='cuda:0', grad_fn=<NllLossBackward>)"
409,1,161,"tensor(0.1125, device='cuda:0', grad_fn=<NllLossBackward>)"
410,1,162,"tensor(0.3030, device='cuda:0', grad_fn=<NllLossBackward>)"
411,1,163,"tensor(0.2427, device='cuda:0', grad_fn=<NllLossBackward>)"
412,1,164,"tensor(0.1958, device='cuda:0', grad_fn=<NllLossBackward>)"
413,1,165,"tensor(0.2868, device='cuda:0', grad_fn=<NllLossBackward>)"
414,1,166,"tensor(0.2072, device='cuda:0', grad_fn=<NllLossBackward>)"
415,1,167,"tensor(0.2695, device='cuda:0', grad_fn=<NllLossBackward>)"
416,1,168,"tensor(0.2335, device='cuda:0', grad_fn=<NllLossBackward>)"
417,1,169,"tensor(0.1928, device='cuda:0', grad_fn=<NllLossBackward>)"
418,1,170,"tensor(0.2453, device='cuda:0', grad_fn=<NllLossBackward>)"
419,1,171,"tensor(0.1791, device='cuda:0', grad_fn=<NllLossBackward>)"
420,1,172,"tensor(0.2720, device='cuda:0', grad_fn=<NllLossBackward>)"
421,1,173,"tensor(0.2229, device='cuda:0', grad_fn=<NllLossBackward>)"
422,1,174,"tensor(0.2191, device='cuda:0', grad_fn=<NllLossBackward>)"
423,1,175,"tensor(0.1422, device='cuda:0', grad_fn=<NllLossBackward>)"
424,1,176,"tensor(0.1421, device='cuda:0', grad_fn=<NllLossBackward>)"
425,1,177,"tensor(0.1699, device='cuda:0', grad_fn=<NllLossBackward>)"
426,1,178,"tensor(0.1961, device='cuda:0', grad_fn=<NllLossBackward>)"
427,1,179,"tensor(0.2785, device='cuda:0', grad_fn=<NllLossBackward>)"
428,1,180,"tensor(0.2300, device='cuda:0', grad_fn=<NllLossBackward>)"
429,1,181,"tensor(0.1750, device='cuda:0', grad_fn=<NllLossBackward>)"
430,1,182,"tensor(0.1261, device='cuda:0', grad_fn=<NllLossBackward>)"
431,1,183,"tensor(0.2719, device='cuda:0', grad_fn=<NllLossBackward>)"
432,1,184,"tensor(0.2918, device='cuda:0', grad_fn=<NllLossBackward>)"
433,1,185,"tensor(0.3049, device='cuda:0', grad_fn=<NllLossBackward>)"
434,1,186,"tensor(0.2462, device='cuda:0', grad_fn=<NllLossBackward>)"
435,1,187,"tensor(0.2823, device='cuda:0', grad_fn=<NllLossBackward>)"
436,1,188,"tensor(0.2129, device='cuda:0', grad_fn=<NllLossBackward>)"
437,1,189,"tensor(0.2211, device='cuda:0', grad_fn=<NllLossBackward>)"
438,1,190,"tensor(0.1430, device='cuda:0', grad_fn=<NllLossBackward>)"
439,1,191,"tensor(0.1465, device='cuda:0', grad_fn=<NllLossBackward>)"
440,1,192,"tensor(0.2326, device='cuda:0', grad_fn=<NllLossBackward>)"
441,1,193,"tensor(0.1915, device='cuda:0', grad_fn=<NllLossBackward>)"
442,1,194,"tensor(0.1592, device='cuda:0', grad_fn=<NllLossBackward>)"
443,1,195,"tensor(0.1717, device='cuda:0', grad_fn=<NllLossBackward>)"
444,1,196,"tensor(0.1611, device='cuda:0', grad_fn=<NllLossBackward>)"
445,1,197,"tensor(0.2241, device='cuda:0', grad_fn=<NllLossBackward>)"
446,1,198,"tensor(0.1669, device='cuda:0', grad_fn=<NllLossBackward>)"
447,1,199,"tensor(0.1063, device='cuda:0', grad_fn=<NllLossBackward>)"
448,1,200,"tensor(0.1899, device='cuda:0', grad_fn=<NllLossBackward>)"
449,1,201,"tensor(0.1247, device='cuda:0', grad_fn=<NllLossBackward>)"
450,1,202,"tensor(0.0853, device='cuda:0', grad_fn=<NllLossBackward>)"
451,1,203,"tensor(0.2349, device='cuda:0', grad_fn=<NllLossBackward>)"
452,1,204,"tensor(0.1901, device='cuda:0', grad_fn=<NllLossBackward>)"
453,1,205,"tensor(0.2091, device='cuda:0', grad_fn=<NllLossBackward>)"
454,1,206,"tensor(0.2561, device='cuda:0', grad_fn=<NllLossBackward>)"
455,1,207,"tensor(0.1978, device='cuda:0', grad_fn=<NllLossBackward>)"
456,1,208,"tensor(0.1511, device='cuda:0', grad_fn=<NllLossBackward>)"
457,1,209,"tensor(0.1642, device='cuda:0', grad_fn=<NllLossBackward>)"
458,1,210,"tensor(0.1659, device='cuda:0', grad_fn=<NllLossBackward>)"
459,1,211,"tensor(0.1626, device='cuda:0', grad_fn=<NllLossBackward>)"
460,1,212,"tensor(0.2177, device='cuda:0', grad_fn=<NllLossBackward>)"
461,1,213,"tensor(0.1855, device='cuda:0', grad_fn=<NllLossBackward>)"
462,1,214,"tensor(0.2135, device='cuda:0', grad_fn=<NllLossBackward>)"
463,1,215,"tensor(0.1185, device='cuda:0', grad_fn=<NllLossBackward>)"
464,1,216,"tensor(0.1675, device='cuda:0', grad_fn=<NllLossBackward>)"
465,1,217,"tensor(0.1480, device='cuda:0', grad_fn=<NllLossBackward>)"
466,1,218,"tensor(0.2459, device='cuda:0', grad_fn=<NllLossBackward>)"
467,1,219,"tensor(0.1556, device='cuda:0', grad_fn=<NllLossBackward>)"
468,1,220,"tensor(0.1046, device='cuda:0', grad_fn=<NllLossBackward>)"
469,1,221,"tensor(0.1457, device='cuda:0', grad_fn=<NllLossBackward>)"
470,1,222,"tensor(0.1564, device='cuda:0', grad_fn=<NllLossBackward>)"
471,1,223,"tensor(0.2342, device='cuda:0', grad_fn=<NllLossBackward>)"
472,1,224,"tensor(0.1195, device='cuda:0', grad_fn=<NllLossBackward>)"
473,1,225,"tensor(0.1463, device='cuda:0', grad_fn=<NllLossBackward>)"
474,1,226,"tensor(0.1024, device='cuda:0', grad_fn=<NllLossBackward>)"
475,1,227,"tensor(0.1325, device='cuda:0', grad_fn=<NllLossBackward>)"
476,1,228,"tensor(0.1853, device='cuda:0', grad_fn=<NllLossBackward>)"
477,1,229,"tensor(0.0887, device='cuda:0', grad_fn=<NllLossBackward>)"
478,1,230,"tensor(0.1459, device='cuda:0', grad_fn=<NllLossBackward>)"
479,1,231,"tensor(0.2283, device='cuda:0', grad_fn=<NllLossBackward>)"
480,1,232,"tensor(0.1229, device='cuda:0', grad_fn=<NllLossBackward>)"
481,1,233,"tensor(0.1628, device='cuda:0', grad_fn=<NllLossBackward>)"
482,1,234,"tensor(0.1579, device='cuda:0', grad_fn=<NllLossBackward>)"
483,1,235,"tensor(0.1744, device='cuda:0', grad_fn=<NllLossBackward>)"
484,1,236,"tensor(0.1018, device='cuda:0', grad_fn=<NllLossBackward>)"
485,1,237,"tensor(0.1287, device='cuda:0', grad_fn=<NllLossBackward>)"
486,1,238,"tensor(0.1821, device='cuda:0', grad_fn=<NllLossBackward>)"
487,1,239,"tensor(0.1794, device='cuda:0', grad_fn=<NllLossBackward>)"
488,1,240,"tensor(0.1543, device='cuda:0', grad_fn=<NllLossBackward>)"
489,1,241,"tensor(0.2522, device='cuda:0', grad_fn=<NllLossBackward>)"
490,1,242,"tensor(0.1044, device='cuda:0', grad_fn=<NllLossBackward>)"
491,1,243,"tensor(0.2542, device='cuda:0', grad_fn=<NllLossBackward>)"
492,1,244,"tensor(0.1009, device='cuda:0', grad_fn=<NllLossBackward>)"
493,1,245,"tensor(0.1517, device='cuda:0', grad_fn=<NllLossBackward>)"
494,1,246,"tensor(0.1062, device='cuda:0', grad_fn=<NllLossBackward>)"
495,1,247,"tensor(0.2179, device='cuda:0', grad_fn=<NllLossBackward>)"
496,2,0,"tensor(0.1853, device='cuda:0', grad_fn=<NllLossBackward>)"
497,2,1,"tensor(0.2719, device='cuda:0', grad_fn=<NllLossBackward>)"
498,2,2,"tensor(0.2215, device='cuda:0', grad_fn=<NllLossBackward>)"
499,2,3,"tensor(0.1687, device='cuda:0', grad_fn=<NllLossBackward>)"
500,2,4,"tensor(0.1709, device='cuda:0', grad_fn=<NllLossBackward>)"
501,2,5,"tensor(0.1406, device='cuda:0', grad_fn=<NllLossBackward>)"
502,2,6,"tensor(0.1918, device='cuda:0', grad_fn=<NllLossBackward>)"
503,2,7,"tensor(0.0890, device='cuda:0', grad_fn=<NllLossBackward>)"
504,2,8,"tensor(0.1678, device='cuda:0', grad_fn=<NllLossBackward>)"
505,2,9,"tensor(0.1645, device='cuda:0', grad_fn=<NllLossBackward>)"
506,2,10,"tensor(0.1660, device='cuda:0', grad_fn=<NllLossBackward>)"
507,2,11,"tensor(0.1878, device='cuda:0', grad_fn=<NllLossBackward>)"
508,2,12,"tensor(0.0870, device='cuda:0', grad_fn=<NllLossBackward>)"
509,2,13,"tensor(0.1065, device='cuda:0', grad_fn=<NllLossBackward>)"
510,2,14,"tensor(0.1113, device='cuda:0', grad_fn=<NllLossBackward>)"
511,2,15,"tensor(0.1140, device='cuda:0', grad_fn=<NllLossBackward>)"
512,2,16,"tensor(0.1578, device='cuda:0', grad_fn=<NllLossBackward>)"
513,2,17,"tensor(0.1380, device='cuda:0', grad_fn=<NllLossBackward>)"
514,2,18,"tensor(0.1358, device='cuda:0', grad_fn=<NllLossBackward>)"
515,2,19,"tensor(0.1032, device='cuda:0', grad_fn=<NllLossBackward>)"
516,2,20,"tensor(0.1472, device='cuda:0', grad_fn=<NllLossBackward>)"
517,2,21,"tensor(0.1591, device='cuda:0', grad_fn=<NllLossBackward>)"
518,2,22,"tensor(0.1451, device='cuda:0', grad_fn=<NllLossBackward>)"
519,2,23,"tensor(0.1750, device='cuda:0', grad_fn=<NllLossBackward>)"
520,2,24,"tensor(0.2013, device='cuda:0', grad_fn=<NllLossBackward>)"
521,2,25,"tensor(0.1540, device='cuda:0', grad_fn=<NllLossBackward>)"
522,2,26,"tensor(0.1170, device='cuda:0', grad_fn=<NllLossBackward>)"
523,2,27,"tensor(0.1521, device='cuda:0', grad_fn=<NllLossBackward>)"
524,2,28,"tensor(0.1791, device='cuda:0', grad_fn=<NllLossBackward>)"
525,2,29,"tensor(0.0998, device='cuda:0', grad_fn=<NllLossBackward>)"
526,2,30,"tensor(0.1728, device='cuda:0', grad_fn=<NllLossBackward>)"
527,2,31,"tensor(0.1642, device='cuda:0', grad_fn=<NllLossBackward>)"
528,2,32,"tensor(0.1047, device='cuda:0', grad_fn=<NllLossBackward>)"
529,2,33,"tensor(0.1268, device='cuda:0', grad_fn=<NllLossBackward>)"
530,2,34,"tensor(0.0957, device='cuda:0', grad_fn=<NllLossBackward>)"
531,2,35,"tensor(0.1431, device='cuda:0', grad_fn=<NllLossBackward>)"
532,2,36,"tensor(0.1402, device='cuda:0', grad_fn=<NllLossBackward>)"
533,2,37,"tensor(0.0990, device='cuda:0', grad_fn=<NllLossBackward>)"
534,2,38,"tensor(0.0776, device='cuda:0', grad_fn=<NllLossBackward>)"
535,2,39,"tensor(0.1389, device='cuda:0', grad_fn=<NllLossBackward>)"
536,2,40,"tensor(0.3097, device='cuda:0', grad_fn=<NllLossBackward>)"
537,2,41,"tensor(0.0816, device='cuda:0', grad_fn=<NllLossBackward>)"
538,2,42,"tensor(0.1393, device='cuda:0', grad_fn=<NllLossBackward>)"
539,2,43,"tensor(0.0976, device='cuda:0', grad_fn=<NllLossBackward>)"
540,2,44,"tensor(0.1126, device='cuda:0', grad_fn=<NllLossBackward>)"
541,2,45,"tensor(0.1327, device='cuda:0', grad_fn=<NllLossBackward>)"
542,2,46,"tensor(0.0604, device='cuda:0', grad_fn=<NllLossBackward>)"
543,2,47,"tensor(0.0552, device='cuda:0', grad_fn=<NllLossBackward>)"
544,2,48,"tensor(0.1319, device='cuda:0', grad_fn=<NllLossBackward>)"
545,2,49,"tensor(0.1396, device='cuda:0', grad_fn=<NllLossBackward>)"
546,2,50,"tensor(0.0873, device='cuda:0', grad_fn=<NllLossBackward>)"
547,2,51,"tensor(0.0802, device='cuda:0', grad_fn=<NllLossBackward>)"
548,2,52,"tensor(0.1899, device='cuda:0', grad_fn=<NllLossBackward>)"
549,2,53,"tensor(0.0785, device='cuda:0', grad_fn=<NllLossBackward>)"
550,2,54,"tensor(0.0793, device='cuda:0', grad_fn=<NllLossBackward>)"
551,2,55,"tensor(0.1050, device='cuda:0', grad_fn=<NllLossBackward>)"
552,2,56,"tensor(0.1853, device='cuda:0', grad_fn=<NllLossBackward>)"
553,2,57,"tensor(0.1371, device='cuda:0', grad_fn=<NllLossBackward>)"
554,2,58,"tensor(0.1818, device='cuda:0', grad_fn=<NllLossBackward>)"
555,2,59,"tensor(0.1380, device='cuda:0', grad_fn=<NllLossBackward>)"
556,2,60,"tensor(0.1070, device='cuda:0', grad_fn=<NllLossBackward>)"
557,2,61,"tensor(0.0844, device='cuda:0', grad_fn=<NllLossBackward>)"
558,2,62,"tensor(0.1551, device='cuda:0', grad_fn=<NllLossBackward>)"
559,2,63,"tensor(0.1893, device='cuda:0', grad_fn=<NllLossBackward>)"
560,2,64,"tensor(0.0567, device='cuda:0', grad_fn=<NllLossBackward>)"
561,2,65,"tensor(0.2118, device='cuda:0', grad_fn=<NllLossBackward>)"
562,2,66,"tensor(0.0879, device='cuda:0', grad_fn=<NllLossBackward>)"
563,2,67,"tensor(0.1429, device='cuda:0', grad_fn=<NllLossBackward>)"
564,2,68,"tensor(0.1025, device='cuda:0', grad_fn=<NllLossBackward>)"
565,2,69,"tensor(0.1543, device='cuda:0', grad_fn=<NllLossBackward>)"
566,2,70,"tensor(0.1786, device='cuda:0', grad_fn=<NllLossBackward>)"
567,2,71,"tensor(0.1309, device='cuda:0', grad_fn=<NllLossBackward>)"
568,2,72,"tensor(0.1342, device='cuda:0', grad_fn=<NllLossBackward>)"
569,2,73,"tensor(0.1600, device='cuda:0', grad_fn=<NllLossBackward>)"
570,2,74,"tensor(0.1018, device='cuda:0', grad_fn=<NllLossBackward>)"
571,2,75,"tensor(0.1652, device='cuda:0', grad_fn=<NllLossBackward>)"
572,2,76,"tensor(0.1258, device='cuda:0', grad_fn=<NllLossBackward>)"
573,2,77,"tensor(0.1579, device='cuda:0', grad_fn=<NllLossBackward>)"
574,2,78,"tensor(0.1431, device='cuda:0', grad_fn=<NllLossBackward>)"
575,2,79,"tensor(0.1155, device='cuda:0', grad_fn=<NllLossBackward>)"
576,2,80,"tensor(0.1231, device='cuda:0', grad_fn=<NllLossBackward>)"
577,2,81,"tensor(0.1245, device='cuda:0', grad_fn=<NllLossBackward>)"
578,2,82,"tensor(0.0742, device='cuda:0', grad_fn=<NllLossBackward>)"
579,2,83,"tensor(0.0822, device='cuda:0', grad_fn=<NllLossBackward>)"
580,2,84,"tensor(0.0744, device='cuda:0', grad_fn=<NllLossBackward>)"
581,2,85,"tensor(0.1092, device='cuda:0', grad_fn=<NllLossBackward>)"
582,2,86,"tensor(0.1143, device='cuda:0', grad_fn=<NllLossBackward>)"
583,2,87,"tensor(0.0824, device='cuda:0', grad_fn=<NllLossBackward>)"
584,2,88,"tensor(0.0993, device='cuda:0', grad_fn=<NllLossBackward>)"
585,2,89,"tensor(0.0700, device='cuda:0', grad_fn=<NllLossBackward>)"
586,2,90,"tensor(0.1016, device='cuda:0', grad_fn=<NllLossBackward>)"
587,2,91,"tensor(0.0931, device='cuda:0', grad_fn=<NllLossBackward>)"
588,2,92,"tensor(0.0693, device='cuda:0', grad_fn=<NllLossBackward>)"
589,2,93,"tensor(0.1943, device='cuda:0', grad_fn=<NllLossBackward>)"
590,2,94,"tensor(0.0587, device='cuda:0', grad_fn=<NllLossBackward>)"
591,2,95,"tensor(0.1682, device='cuda:0', grad_fn=<NllLossBackward>)"
592,2,96,"tensor(0.0665, device='cuda:0', grad_fn=<NllLossBackward>)"
593,2,97,"tensor(0.1092, device='cuda:0', grad_fn=<NllLossBackward>)"
594,2,98,"tensor(0.0613, device='cuda:0', grad_fn=<NllLossBackward>)"
595,2,99,"tensor(0.0709, device='cuda:0', grad_fn=<NllLossBackward>)"
596,2,100,"tensor(0.1565, device='cuda:0', grad_fn=<NllLossBackward>)"
597,2,101,"tensor(0.0735, device='cuda:0', grad_fn=<NllLossBackward>)"
598,2,102,"tensor(0.1103, device='cuda:0', grad_fn=<NllLossBackward>)"
599,2,103,"tensor(0.0925, device='cuda:0', grad_fn=<NllLossBackward>)"
600,2,104,"tensor(0.0948, device='cuda:0', grad_fn=<NllLossBackward>)"
601,2,105,"tensor(0.0881, device='cuda:0', grad_fn=<NllLossBackward>)"
602,2,106,"tensor(0.0859, device='cuda:0', grad_fn=<NllLossBackward>)"
603,2,107,"tensor(0.0995, device='cuda:0', grad_fn=<NllLossBackward>)"
604,2,108,"tensor(0.1812, device='cuda:0', grad_fn=<NllLossBackward>)"
605,2,109,"tensor(0.1320, device='cuda:0', grad_fn=<NllLossBackward>)"
606,2,110,"tensor(0.0657, device='cuda:0', grad_fn=<NllLossBackward>)"
607,2,111,"tensor(0.1048, device='cuda:0', grad_fn=<NllLossBackward>)"
608,2,112,"tensor(0.1031, device='cuda:0', grad_fn=<NllLossBackward>)"
609,2,113,"tensor(0.0478, device='cuda:0', grad_fn=<NllLossBackward>)"
610,2,114,"tensor(0.1355, device='cuda:0', grad_fn=<NllLossBackward>)"
611,2,115,"tensor(0.0442, device='cuda:0', grad_fn=<NllLossBackward>)"
612,2,116,"tensor(0.1179, device='cuda:0', grad_fn=<NllLossBackward>)"
613,2,117,"tensor(0.1477, device='cuda:0', grad_fn=<NllLossBackward>)"
614,2,118,"tensor(0.0850, device='cuda:0', grad_fn=<NllLossBackward>)"
615,2,119,"tensor(0.0977, device='cuda:0', grad_fn=<NllLossBackward>)"
616,2,120,"tensor(0.0788, device='cuda:0', grad_fn=<NllLossBackward>)"
617,2,121,"tensor(0.1686, device='cuda:0', grad_fn=<NllLossBackward>)"
618,2,122,"tensor(0.0828, device='cuda:0', grad_fn=<NllLossBackward>)"
619,2,123,"tensor(0.0869, device='cuda:0', grad_fn=<NllLossBackward>)"
620,2,124,"tensor(0.0614, device='cuda:0', grad_fn=<NllLossBackward>)"
621,2,125,"tensor(0.1159, device='cuda:0', grad_fn=<NllLossBackward>)"
622,2,126,"tensor(0.1327, device='cuda:0', grad_fn=<NllLossBackward>)"
623,2,127,"tensor(0.0713, device='cuda:0', grad_fn=<NllLossBackward>)"
624,2,128,"tensor(0.0777, device='cuda:0', grad_fn=<NllLossBackward>)"
625,2,129,"tensor(0.0710, device='cuda:0', grad_fn=<NllLossBackward>)"
626,2,130,"tensor(0.0873, device='cuda:0', grad_fn=<NllLossBackward>)"
627,2,131,"tensor(0.1679, device='cuda:0', grad_fn=<NllLossBackward>)"
628,2,132,"tensor(0.0949, device='cuda:0', grad_fn=<NllLossBackward>)"
629,2,133,"tensor(0.0874, device='cuda:0', grad_fn=<NllLossBackward>)"
630,2,134,"tensor(0.0428, device='cuda:0', grad_fn=<NllLossBackward>)"
631,2,135,"tensor(0.0926, device='cuda:0', grad_fn=<NllLossBackward>)"
632,2,136,"tensor(0.0810, device='cuda:0', grad_fn=<NllLossBackward>)"
633,2,137,"tensor(0.1068, device='cuda:0', grad_fn=<NllLossBackward>)"
634,2,138,"tensor(0.1192, device='cuda:0', grad_fn=<NllLossBackward>)"
635,2,139,"tensor(0.1165, device='cuda:0', grad_fn=<NllLossBackward>)"
636,2,140,"tensor(0.0299, device='cuda:0', grad_fn=<NllLossBackward>)"
637,2,141,"tensor(0.1319, device='cuda:0', grad_fn=<NllLossBackward>)"
638,2,142,"tensor(0.0970, device='cuda:0', grad_fn=<NllLossBackward>)"
639,2,143,"tensor(0.0637, device='cuda:0', grad_fn=<NllLossBackward>)"
640,2,144,"tensor(0.0514, device='cuda:0', grad_fn=<NllLossBackward>)"
641,2,145,"tensor(0.1364, device='cuda:0', grad_fn=<NllLossBackward>)"
642,2,146,"tensor(0.0899, device='cuda:0', grad_fn=<NllLossBackward>)"
643,2,147,"tensor(0.0864, device='cuda:0', grad_fn=<NllLossBackward>)"
644,2,148,"tensor(0.1046, device='cuda:0', grad_fn=<NllLossBackward>)"
645,2,149,"tensor(0.0960, device='cuda:0', grad_fn=<NllLossBackward>)"
646,2,150,"tensor(0.1082, device='cuda:0', grad_fn=<NllLossBackward>)"
647,2,151,"tensor(0.0621, device='cuda:0', grad_fn=<NllLossBackward>)"
648,2,152,"tensor(0.2195, device='cuda:0', grad_fn=<NllLossBackward>)"
649,2,153,"tensor(0.1013, device='cuda:0', grad_fn=<NllLossBackward>)"
650,2,154,"tensor(0.0651, device='cuda:0', grad_fn=<NllLossBackward>)"
651,2,155,"tensor(0.1150, device='cuda:0', grad_fn=<NllLossBackward>)"
652,2,156,"tensor(0.0560, device='cuda:0', grad_fn=<NllLossBackward>)"
653,2,157,"tensor(0.1004, device='cuda:0', grad_fn=<NllLossBackward>)"
654,2,158,"tensor(0.1082, device='cuda:0', grad_fn=<NllLossBackward>)"
655,2,159,"tensor(0.0985, device='cuda:0', grad_fn=<NllLossBackward>)"
656,2,160,"tensor(0.0553, device='cuda:0', grad_fn=<NllLossBackward>)"
657,2,161,"tensor(0.1309, device='cuda:0', grad_fn=<NllLossBackward>)"
658,2,162,"tensor(0.1133, device='cuda:0', grad_fn=<NllLossBackward>)"
659,2,163,"tensor(0.0638, device='cuda:0', grad_fn=<NllLossBackward>)"
660,2,164,"tensor(0.0349, device='cuda:0', grad_fn=<NllLossBackward>)"
661,2,165,"tensor(0.0851, device='cuda:0', grad_fn=<NllLossBackward>)"
662,2,166,"tensor(0.0903, device='cuda:0', grad_fn=<NllLossBackward>)"
663,2,167,"tensor(0.2209, device='cuda:0', grad_fn=<NllLossBackward>)"
664,2,168,"tensor(0.0808, device='cuda:0', grad_fn=<NllLossBackward>)"
665,2,169,"tensor(0.0880, device='cuda:0', grad_fn=<NllLossBackward>)"
666,2,170,"tensor(0.0440, device='cuda:0', grad_fn=<NllLossBackward>)"
667,2,171,"tensor(0.0626, device='cuda:0', grad_fn=<NllLossBackward>)"
668,2,172,"tensor(0.1290, device='cuda:0', grad_fn=<NllLossBackward>)"
669,2,173,"tensor(0.1475, device='cuda:0', grad_fn=<NllLossBackward>)"
670,2,174,"tensor(0.0815, device='cuda:0', grad_fn=<NllLossBackward>)"
671,2,175,"tensor(0.1042, device='cuda:0', grad_fn=<NllLossBackward>)"
672,2,176,"tensor(0.0831, device='cuda:0', grad_fn=<NllLossBackward>)"
673,2,177,"tensor(0.0457, device='cuda:0', grad_fn=<NllLossBackward>)"
674,2,178,"tensor(0.0822, device='cuda:0', grad_fn=<NllLossBackward>)"
675,2,179,"tensor(0.0553, device='cuda:0', grad_fn=<NllLossBackward>)"
676,2,180,"tensor(0.0597, device='cuda:0', grad_fn=<NllLossBackward>)"
677,2,181,"tensor(0.0532, device='cuda:0', grad_fn=<NllLossBackward>)"
678,2,182,"tensor(0.0504, device='cuda:0', grad_fn=<NllLossBackward>)"
679,2,183,"tensor(0.0726, device='cuda:0', grad_fn=<NllLossBackward>)"
680,2,184,"tensor(0.1212, device='cuda:0', grad_fn=<NllLossBackward>)"
681,2,185,"tensor(0.0758, device='cuda:0', grad_fn=<NllLossBackward>)"
682,2,186,"tensor(0.1400, device='cuda:0', grad_fn=<NllLossBackward>)"
683,2,187,"tensor(0.0904, device='cuda:0', grad_fn=<NllLossBackward>)"
684,2,188,"tensor(0.0944, device='cuda:0', grad_fn=<NllLossBackward>)"
685,2,189,"tensor(0.0755, device='cuda:0', grad_fn=<NllLossBackward>)"
686,2,190,"tensor(0.0786, device='cuda:0', grad_fn=<NllLossBackward>)"
687,2,191,"tensor(0.0718, device='cuda:0', grad_fn=<NllLossBackward>)"
688,2,192,"tensor(0.1015, device='cuda:0', grad_fn=<NllLossBackward>)"
689,2,193,"tensor(0.0657, device='cuda:0', grad_fn=<NllLossBackward>)"
690,2,194,"tensor(0.0487, device='cuda:0', grad_fn=<NllLossBackward>)"
691,2,195,"tensor(0.0729, device='cuda:0', grad_fn=<NllLossBackward>)"
692,2,196,"tensor(0.0267, device='cuda:0', grad_fn=<NllLossBackward>)"
693,2,197,"tensor(0.0734, device='cuda:0', grad_fn=<NllLossBackward>)"
694,2,198,"tensor(0.1005, device='cuda:0', grad_fn=<NllLossBackward>)"
695,2,199,"tensor(0.1181, device='cuda:0', grad_fn=<NllLossBackward>)"
696,2,200,"tensor(0.0705, device='cuda:0', grad_fn=<NllLossBackward>)"
697,2,201,"tensor(0.0328, device='cuda:0', grad_fn=<NllLossBackward>)"
698,2,202,"tensor(0.0458, device='cuda:0', grad_fn=<NllLossBackward>)"
699,2,203,"tensor(0.0997, device='cuda:0', grad_fn=<NllLossBackward>)"
700,2,204,"tensor(0.0964, device='cuda:0', grad_fn=<NllLossBackward>)"
701,2,205,"tensor(0.0636, device='cuda:0', grad_fn=<NllLossBackward>)"
702,2,206,"tensor(0.0650, device='cuda:0', grad_fn=<NllLossBackward>)"
703,2,207,"tensor(0.0820, device='cuda:0', grad_fn=<NllLossBackward>)"
704,2,208,"tensor(0.0735, device='cuda:0', grad_fn=<NllLossBackward>)"
705,2,209,"tensor(0.1224, device='cuda:0', grad_fn=<NllLossBackward>)"
706,2,210,"tensor(0.0510, device='cuda:0', grad_fn=<NllLossBackward>)"
707,2,211,"tensor(0.0939, device='cuda:0', grad_fn=<NllLossBackward>)"
708,2,212,"tensor(0.0764, device='cuda:0', grad_fn=<NllLossBackward>)"
709,2,213,"tensor(0.0586, device='cuda:0', grad_fn=<NllLossBackward>)"
710,2,214,"tensor(0.0971, device='cuda:0', grad_fn=<NllLossBackward>)"
711,2,215,"tensor(0.0567, device='cuda:0', grad_fn=<NllLossBackward>)"
712,2,216,"tensor(0.0705, device='cuda:0', grad_fn=<NllLossBackward>)"
713,2,217,"tensor(0.0429, device='cuda:0', grad_fn=<NllLossBackward>)"
714,2,218,"tensor(0.0628, device='cuda:0', grad_fn=<NllLossBackward>)"
715,2,219,"tensor(0.0416, device='cuda:0', grad_fn=<NllLossBackward>)"
716,2,220,"tensor(0.0842, device='cuda:0', grad_fn=<NllLossBackward>)"
717,2,221,"tensor(0.0299, device='cuda:0', grad_fn=<NllLossBackward>)"
718,2,222,"tensor(0.0581, device='cuda:0', grad_fn=<NllLossBackward>)"
719,2,223,"tensor(0.0680, device='cuda:0', grad_fn=<NllLossBackward>)"
720,2,224,"tensor(0.0685, device='cuda:0', grad_fn=<NllLossBackward>)"
721,2,225,"tensor(0.0519, device='cuda:0', grad_fn=<NllLossBackward>)"
722,2,226,"tensor(0.0617, device='cuda:0', grad_fn=<NllLossBackward>)"
723,2,227,"tensor(0.0710, device='cuda:0', grad_fn=<NllLossBackward>)"
724,2,228,"tensor(0.1100, device='cuda:0', grad_fn=<NllLossBackward>)"
725,2,229,"tensor(0.0643, device='cuda:0', grad_fn=<NllLossBackward>)"
726,2,230,"tensor(0.0345, device='cuda:0', grad_fn=<NllLossBackward>)"
727,2,231,"tensor(0.0423, device='cuda:0', grad_fn=<NllLossBackward>)"
728,2,232,"tensor(0.0560, device='cuda:0', grad_fn=<NllLossBackward>)"
729,2,233,"tensor(0.0992, device='cuda:0', grad_fn=<NllLossBackward>)"
730,2,234,"tensor(0.0973, device='cuda:0', grad_fn=<NllLossBackward>)"
731,2,235,"tensor(0.0529, device='cuda:0', grad_fn=<NllLossBackward>)"
732,2,236,"tensor(0.0669, device='cuda:0', grad_fn=<NllLossBackward>)"
733,2,237,"tensor(0.0404, device='cuda:0', grad_fn=<NllLossBackward>)"
734,2,238,"tensor(0.0677, device='cuda:0', grad_fn=<NllLossBackward>)"
735,2,239,"tensor(0.0555, device='cuda:0', grad_fn=<NllLossBackward>)"
736,2,240,"tensor(0.0927, device='cuda:0', grad_fn=<NllLossBackward>)"
737,2,241,"tensor(0.0690, device='cuda:0', grad_fn=<NllLossBackward>)"
738,2,242,"tensor(0.0279, device='cuda:0', grad_fn=<NllLossBackward>)"
739,2,243,"tensor(0.0511, device='cuda:0', grad_fn=<NllLossBackward>)"
740,2,244,"tensor(0.0508, device='cuda:0', grad_fn=<NllLossBackward>)"
741,2,245,"tensor(0.0838, device='cuda:0', grad_fn=<NllLossBackward>)"
742,2,246,"tensor(0.0863, device='cuda:0', grad_fn=<NllLossBackward>)"
743,2,247,"tensor(0.0275, device='cuda:0', grad_fn=<NllLossBackward>)"
